backend	dataset	grid_rows	grid_cols	iterations	epochs	sigma	learning_rate	neighborhood_function	batch_size	train_len_factor	initialization	mapshape	pareto_fraction	n_threshold_steps	threshold_anchor	n_clusters	n_assigned	n_wrong	purity	coverage	paper_score	elapsed_s
torchsom	twodiamonds	40	50		50	1.0	0.3		32				0.15	100	upper	6	586	285	0.5137	0.7325	0.4252	1.1
torchsom	twodiamonds	30	40		50	1.0	0.3		32				0.15	100	upper	3	632	311	0.5079	0.7900	0.5902	0.8
torchsom	twodiamonds	50	60		50	1.0	0.3		32				0.15	100	upper	5	662	325	0.5091	0.8275	0.4519	1.6
torchsom	twodiamonds	40	50		50	1.0	0.3		32				0.15	200	upper	5	613	301	0.5090	0.7662	0.4335	1.2
torchsom	twodiamonds	30	40		50	1.0	0.3		32				0.15	200	upper	3	621	305	0.5089	0.7762	0.5864	0.8
torchsom	twodiamonds	50	60		50	1.0	0.3		32				0.15	200	upper	18	642	344	0.4642	0.8025	0.4264	1.7
torchsom	twodiamonds	40	50		50	1.0	0.3		32				0.2013	100	upper	6	586	285	0.5137	0.7325	0.4252	1.1
torchsom	twodiamonds	30	40		50	1.0	0.3		32				0.2013	100	upper	3	632	311	0.5079	0.7900	0.5902	0.8
torchsom	twodiamonds	50	60		50	1.0	0.3		32				0.2013	100	upper	5	662	325	0.5091	0.8275	0.4519	1.6
torchsom	twodiamonds	40	50		50	1.0	0.3		32				0.2013	200	upper	5	613	301	0.5090	0.7662	0.4335	1.2
torchsom	twodiamonds	30	40		50	1.0	0.3		32				0.2013	200	upper	3	621	305	0.5089	0.7762	0.5864	0.8
torchsom	twodiamonds	50	60		50	1.0	0.3		32				0.2013	200	upper	18	642	344	0.4642	0.8025	0.4264	1.7
torchsom	twodiamonds	40	50		50	1.0	0.3		32				0.25	100	upper	6	586	285	0.5137	0.7325	0.4252	1.1
torchsom	twodiamonds	30	40		50	1.0	0.3		32				0.25	100	upper	3	632	311	0.5079	0.7900	0.5902	0.8
torchsom	twodiamonds	50	60		50	1.0	0.3		32				0.25	100	upper	5	662	325	0.5091	0.8275	0.4519	1.5
torchsom	twodiamonds	40	50		50	1.0	0.3		32				0.25	200	upper	5	613	301	0.5090	0.7662	0.4335	1.2
torchsom	twodiamonds	30	40		50	1.0	0.3		32				0.25	200	upper	3	621	305	0.5089	0.7762	0.5864	0.8
torchsom	twodiamonds	50	60		50	1.0	0.3		32				0.25	200	upper	18	642	344	0.4642	0.8025	0.4264	1.7
torchsom	twodiamonds	40	50		50	1.0	0.5		32				0.15	100	upper	4	607	295	0.5140	0.7588	0.4332	1.1
torchsom	twodiamonds	30	40		50	1.0	0.5		32				0.15	100	upper	3	631	312	0.5055	0.7887	0.5888	0.8
torchsom	twodiamonds	50	60		50	1.0	0.5		32				0.15	100	upper	7	649	319	0.5085	0.8113	0.4468	1.6
torchsom	twodiamonds	40	50		50	1.0	0.5		32				0.15	200	upper	12	567	287	0.4938	0.7087	0.4102	1.2
torchsom	twodiamonds	30	40		50	1.0	0.5		32				0.15	200	upper	3	629	311	0.5056	0.7863	0.5881	0.8
torchsom	twodiamonds	50	60		50	1.0	0.5		32				0.15	200	upper	24	629	346	0.4499	0.7863	0.4158	1.7
torchsom	twodiamonds	40	50		50	1.0	0.5		32				0.2013	100	upper	4	607	295	0.5140	0.7588	0.4332	1.1
torchsom	twodiamonds	30	40		50	1.0	0.5		32				0.2013	100	upper	3	631	312	0.5055	0.7887	0.5888	0.8
torchsom	twodiamonds	50	60		50	1.0	0.5		32				0.2013	100	upper	7	649	319	0.5085	0.8113	0.4468	1.6
torchsom	twodiamonds	40	50		50	1.0	0.5		32				0.2013	200	upper	12	567	287	0.4938	0.7087	0.4102	1.2
torchsom	twodiamonds	30	40		50	1.0	0.5		32				0.2013	200	upper	3	629	311	0.5056	0.7863	0.5881	0.8
torchsom	twodiamonds	50	60		50	1.0	0.5		32				0.2013	200	upper	24	629	346	0.4499	0.7863	0.4158	1.7
torchsom	twodiamonds	40	50		50	1.0	0.5		32				0.25	100	upper	4	607	295	0.5140	0.7588	0.4332	1.1
torchsom	twodiamonds	30	40		50	1.0	0.5		32				0.25	100	upper	3	631	312	0.5055	0.7887	0.5888	0.8
torchsom	twodiamonds	50	60		50	1.0	0.5		32				0.25	100	upper	7	649	319	0.5085	0.8113	0.4468	1.6
torchsom	twodiamonds	40	50		50	1.0	0.5		32				0.25	200	upper	12	567	287	0.4938	0.7087	0.4102	1.3
torchsom	twodiamonds	30	40		50	1.0	0.5		32				0.25	200	upper	3	629	311	0.5056	0.7863	0.5881	0.8
torchsom	twodiamonds	50	60		50	1.0	0.5		32				0.25	200	upper	24	629	346	0.4499	0.7863	0.4158	1.7
torchsom	twodiamonds	40	50		50	8.0	0.3		32				0.15	100	upper	1	718	358	0.5014	0.8975	0.6198	1.1
torchsom	twodiamonds	30	40		50	8.0	0.3		32				0.15	100	upper	1	730	364	0.5014	0.9125	0.6243	0.8
torchsom	twodiamonds	50	60		50	8.0	0.3		32				0.15	100	upper	1	724	359	0.5041	0.9050	0.6232	1.5
torchsom	twodiamonds	40	50		50	8.0	0.3		32				0.15	200	upper	1	717	358	0.5007	0.8962	0.6192	1.2
torchsom	twodiamonds	30	40		50	8.0	0.3		32				0.15	200	upper	1	730	364	0.5014	0.9125	0.6243	0.8
torchsom	twodiamonds	50	60		50	8.0	0.3		32				0.15	200	upper	1	723	359	0.5035	0.9038	0.6225	1.7
torchsom	twodiamonds	40	50		50	8.0	0.3		32				0.2013	100	upper	1	718	358	0.5014	0.8975	0.6198	1.1
torchsom	twodiamonds	30	40		50	8.0	0.3		32				0.2013	100	upper	1	730	364	0.5014	0.9125	0.6243	0.8
torchsom	twodiamonds	50	60		50	8.0	0.3		32				0.2013	100	upper	1	724	359	0.5041	0.9050	0.6232	1.5
torchsom	twodiamonds	40	50		50	8.0	0.3		32				0.2013	200	upper	1	717	358	0.5007	0.8962	0.6192	1.2
torchsom	twodiamonds	30	40		50	8.0	0.3		32				0.2013	200	upper	1	730	364	0.5014	0.9125	0.6243	0.8
torchsom	twodiamonds	50	60		50	8.0	0.3		32				0.2013	200	upper	1	723	359	0.5035	0.9038	0.6225	1.7
torchsom	twodiamonds	40	50		50	8.0	0.3		32				0.25	100	upper	1	718	358	0.5014	0.8975	0.6198	1.1
torchsom	twodiamonds	30	40		50	8.0	0.3		32				0.25	100	upper	1	730	364	0.5014	0.9125	0.6243	0.8
torchsom	twodiamonds	50	60		50	8.0	0.3		32				0.25	100	upper	1	724	359	0.5041	0.9050	0.6232	1.5
torchsom	twodiamonds	40	50		50	8.0	0.3		32				0.25	200	upper	1	717	358	0.5007	0.8962	0.6192	1.2
torchsom	twodiamonds	30	40		50	8.0	0.3		32				0.25	200	upper	1	730	364	0.5014	0.9125	0.6243	0.8
torchsom	twodiamonds	50	60		50	8.0	0.3		32				0.25	200	upper	1	723	359	0.5035	0.9038	0.6225	1.7
torchsom	twodiamonds	40	50		50	8.0	0.5		32				0.15	100	upper	1	718	358	0.5014	0.8975	0.6198	1.1
torchsom	twodiamonds	30	40		50	8.0	0.5		32				0.15	100	upper	1	722	360	0.5014	0.9025	0.6213	0.8
torchsom	twodiamonds	50	60		50	8.0	0.5		32				0.15	100	upper	1	724	361	0.5014	0.9050	0.6221	1.5
torchsom	twodiamonds	40	50		50	8.0	0.5		32				0.15	200	upper	1	724	361	0.5014	0.9050	0.6221	1.2
torchsom	twodiamonds	30	40		50	8.0	0.5		32				0.15	200	upper	1	720	358	0.5028	0.9000	0.6211	0.8
torchsom	twodiamonds	50	60		50	8.0	0.5		32				0.15	200	upper	1	721	358	0.5035	0.9012	0.6218	1.7
torchsom	twodiamonds	40	50		50	8.0	0.5		32				0.2013	100	upper	1	718	358	0.5014	0.8975	0.6198	1.1
torchsom	twodiamonds	30	40		50	8.0	0.5		32				0.2013	100	upper	1	722	360	0.5014	0.9025	0.6213	0.8
torchsom	twodiamonds	50	60		50	8.0	0.5		32				0.2013	100	upper	1	724	361	0.5014	0.9050	0.6221	1.5
torchsom	twodiamonds	40	50		50	8.0	0.5		32				0.2013	200	upper	1	724	361	0.5014	0.9050	0.6221	1.2
torchsom	twodiamonds	30	40		50	8.0	0.5		32				0.2013	200	upper	1	720	358	0.5028	0.9000	0.6211	0.8
torchsom	twodiamonds	50	60		50	8.0	0.5		32				0.2013	200	upper	1	721	358	0.5035	0.9012	0.6218	1.7
torchsom	twodiamonds	40	50		50	8.0	0.5		32				0.25	100	upper	1	718	358	0.5014	0.8975	0.6198	1.1
torchsom	twodiamonds	30	40		50	8.0	0.5		32				0.25	100	upper	1	722	360	0.5014	0.9025	0.6213	0.8
torchsom	twodiamonds	50	60		50	8.0	0.5		32				0.25	100	upper	1	724	361	0.5014	0.9050	0.6221	1.5
torchsom	twodiamonds	40	50		50	8.0	0.5		32				0.25	200	upper	1	724	361	0.5014	0.9050	0.6221	1.2
torchsom	twodiamonds	30	40		50	8.0	0.5		32				0.25	200	upper	1	720	358	0.5028	0.9000	0.6211	0.8
torchsom	twodiamonds	50	60		50	8.0	0.5		32				0.25	200	upper	1	721	358	0.5035	0.9012	0.6218	1.7
torchsom	twodiamonds	40	50		50	20.0	0.3		32				0.15	100	upper	1	460	223	0.5152	0.5750	0.5286	1.0
torchsom	twodiamonds	30	40		50	20.0	0.3		32				0.15	100	upper	1	535	264	0.5065	0.6687	0.5532	0.7
torchsom	twodiamonds	50	60		50	20.0	0.3		32				0.15	100	upper	1	734	363	0.5054	0.9175	0.6274	1.5
torchsom	twodiamonds	40	50		50	20.0	0.3		32				0.15	200	upper	1	458	221	0.5175	0.5725	0.5287	1.1
torchsom	twodiamonds	30	40		50	20.0	0.3		32				0.15	200	upper	1	535	264	0.5065	0.6687	0.5532	0.8
torchsom	twodiamonds	50	60		50	20.0	0.3		32				0.15	200	upper	1	730	361	0.5055	0.9125	0.6259	1.6
torchsom	twodiamonds	40	50		50	20.0	0.3		32				0.2013	100	upper	1	460	223	0.5152	0.5750	0.5286	1.0
torchsom	twodiamonds	30	40		50	20.0	0.3		32				0.2013	100	upper	1	535	264	0.5065	0.6687	0.5532	0.7
torchsom	twodiamonds	50	60		50	20.0	0.3		32				0.2013	100	upper	1	734	363	0.5054	0.9175	0.6274	1.5
torchsom	twodiamonds	40	50		50	20.0	0.3		32				0.2013	200	upper	1	458	221	0.5175	0.5725	0.5287	1.1
torchsom	twodiamonds	30	40		50	20.0	0.3		32				0.2013	200	upper	1	535	264	0.5065	0.6687	0.5532	0.7
torchsom	twodiamonds	50	60		50	20.0	0.3		32				0.2013	200	upper	1	730	361	0.5055	0.9125	0.6259	1.6
torchsom	twodiamonds	40	50		50	20.0	0.3		32				0.25	100	upper	1	460	223	0.5152	0.5750	0.5286	1.0
torchsom	twodiamonds	30	40		50	20.0	0.3		32				0.25	100	upper	1	535	264	0.5065	0.6687	0.5532	0.7
torchsom	twodiamonds	50	60		50	20.0	0.3		32				0.25	100	upper	1	734	363	0.5054	0.9175	0.6274	1.5
torchsom	twodiamonds	40	50		50	20.0	0.3		32				0.25	200	upper	1	458	221	0.5175	0.5725	0.5287	1.1
torchsom	twodiamonds	30	40		50	20.0	0.3		32				0.25	200	upper	1	535	264	0.5065	0.6687	0.5532	0.8
torchsom	twodiamonds	50	60		50	20.0	0.3		32				0.25	200	upper	1	730	361	0.5055	0.9125	0.6259	1.6
torchsom	twodiamonds	40	50		50	20.0	0.5		32				0.15	100	upper	1	457	220	0.5186	0.5713	0.5288	1.0
torchsom	twodiamonds	30	40		50	20.0	0.5		32				0.15	100	upper	1	496	242	0.5121	0.6200	0.5408	0.7
torchsom	twodiamonds	50	60		50	20.0	0.5		32				0.15	100	upper	1	743	367	0.5061	0.9287	0.6310	1.5
torchsom	twodiamonds	40	50		50	20.0	0.5		32				0.15	200	upper	1	451	218	0.5166	0.5637	0.5258	1.1
torchsom	twodiamonds	30	40		50	20.0	0.5		32				0.15	200	upper	1	493	239	0.5152	0.6162	0.5410	0.7
torchsom	twodiamonds	50	60		50	20.0	0.5		32				0.15	200	upper	1	737	364	0.5061	0.9213	0.6288	1.6
torchsom	twodiamonds	40	50		50	20.0	0.5		32				0.2013	100	upper	1	457	220	0.5186	0.5713	0.5288	1.1
torchsom	twodiamonds	30	40		50	20.0	0.5		32				0.2013	100	upper	1	496	242	0.5121	0.6200	0.5408	0.7
torchsom	twodiamonds	50	60		50	20.0	0.5		32				0.2013	100	upper	1	743	367	0.5061	0.9287	0.6310	1.5
torchsom	twodiamonds	40	50		50	20.0	0.5		32				0.2013	200	upper	1	451	218	0.5166	0.5637	0.5258	1.1
torchsom	twodiamonds	30	40		50	20.0	0.5		32				0.2013	200	upper	1	493	239	0.5152	0.6162	0.5410	0.7
torchsom	twodiamonds	50	60		50	20.0	0.5		32				0.2013	200	upper	1	737	364	0.5061	0.9213	0.6288	1.6
torchsom	twodiamonds	40	50		50	20.0	0.5		32				0.25	100	upper	1	457	220	0.5186	0.5713	0.5288	1.0
torchsom	twodiamonds	30	40		50	20.0	0.5		32				0.25	100	upper	1	496	242	0.5121	0.6200	0.5408	0.7
torchsom	twodiamonds	50	60		50	20.0	0.5		32				0.25	100	upper	1	743	367	0.5061	0.9287	0.6310	1.5
torchsom	twodiamonds	40	50		50	20.0	0.5		32				0.25	200	upper	1	451	218	0.5166	0.5637	0.5258	1.1
torchsom	twodiamonds	30	40		50	20.0	0.5		32				0.25	200	upper	1	493	239	0.5152	0.6162	0.5410	0.7
torchsom	twodiamonds	50	60		50	20.0	0.5		32				0.25	200	upper	1	737	364	0.5061	0.9213	0.6288	1.6
torchsom	twodiamonds	40	50		150	1.0	0.3		32				0.15	100	upper	9	584	298	0.4897	0.7300	0.4149	3.0
torchsom	twodiamonds	30	40		150	1.0	0.3		32				0.15	100	upper	1	644	318	0.5062	0.8050	0.5940	2.1
torchsom	twodiamonds	50	60		150	1.0	0.3		32				0.15	100	upper	12	640	330	0.4844	0.8000	0.4337	4.0
torchsom	twodiamonds	40	50		150	1.0	0.3		32				0.15	200	upper	10	578	295	0.4896	0.7225	0.4126	3.1
torchsom	twodiamonds	30	40		150	1.0	0.3		32				0.15	200	upper	1	637	314	0.5071	0.7963	0.5917	2.2
torchsom	twodiamonds	50	60		150	1.0	0.3		32				0.15	200	upper	24	613	335	0.4535	0.7662	0.4113	4.3
torchsom	twodiamonds	40	50		150	1.0	0.3		32				0.2013	100	upper	9	584	298	0.4897	0.7300	0.4149	2.9
torchsom	twodiamonds	30	40		150	1.0	0.3		32				0.2013	100	upper	1	644	318	0.5062	0.8050	0.5940	2.1
torchsom	twodiamonds	50	60		150	1.0	0.3		32				0.2013	100	upper	12	640	330	0.4844	0.8000	0.4337	4.1
torchsom	twodiamonds	40	50		150	1.0	0.3		32				0.2013	200	upper	10	578	295	0.4896	0.7225	0.4126	3.1
torchsom	twodiamonds	30	40		150	1.0	0.3		32				0.2013	200	upper	1	637	314	0.5071	0.7963	0.5917	2.2
torchsom	twodiamonds	50	60		150	1.0	0.3		32				0.2013	200	upper	24	613	335	0.4535	0.7662	0.4113	4.3
torchsom	twodiamonds	40	50		150	1.0	0.3		32				0.25	100	upper	9	584	298	0.4897	0.7300	0.4149	3.0
torchsom	twodiamonds	30	40		150	1.0	0.3		32				0.25	100	upper	1	644	318	0.5062	0.8050	0.5940	2.1
torchsom	twodiamonds	50	60		150	1.0	0.3		32				0.25	100	upper	12	640	330	0.4844	0.8000	0.4337	4.1
torchsom	twodiamonds	40	50		150	1.0	0.3		32				0.25	200	upper	10	578	295	0.4896	0.7225	0.4126	3.1
torchsom	twodiamonds	30	40		150	1.0	0.3		32				0.25	200	upper	1	637	314	0.5071	0.7963	0.5917	2.2
torchsom	twodiamonds	50	60		150	1.0	0.3		32				0.25	200	upper	24	613	335	0.4535	0.7662	0.4113	4.3
torchsom	twodiamonds	40	50		150	1.0	0.5		32				0.15	100	upper	18	555	277	0.5009	0.6937	0.4085	3.1
torchsom	twodiamonds	30	40		150	1.0	0.5		32				0.15	100	upper	1	668	328	0.5090	0.8350	0.6041	2.1
torchsom	twodiamonds	50	60		150	1.0	0.5		32				0.15	100	upper	19	614	335	0.4544	0.7675	0.4120	4.1
torchsom	twodiamonds	40	50		150	1.0	0.5		32				0.15	200	upper	18	544	271	0.5018	0.6800	0.4047	3.1
torchsom	twodiamonds	30	40		150	1.0	0.5		32				0.15	200	upper	1	673	331	0.5082	0.8413	0.6056	2.2
torchsom	twodiamonds	50	60		150	1.0	0.5		32				0.15	200	upper	30	593	210	0.6459	0.7412	0.4807	4.3
torchsom	twodiamonds	40	50		150	1.0	0.5		32				0.2013	100	upper	18	555	277	0.5009	0.6937	0.4085	3.0
torchsom	twodiamonds	30	40		150	1.0	0.5		32				0.2013	100	upper	1	668	328	0.5090	0.8350	0.6041	2.1
torchsom	twodiamonds	50	60		150	1.0	0.5		32				0.2013	100	upper	19	614	335	0.4544	0.7675	0.4120	4.1
torchsom	twodiamonds	40	50		150	1.0	0.5		32				0.2013	200	upper	18	544	271	0.5018	0.6800	0.4047	3.1
torchsom	twodiamonds	30	40		150	1.0	0.5		32				0.2013	200	upper	1	673	331	0.5082	0.8413	0.6056	2.2
torchsom	twodiamonds	50	60		150	1.0	0.5		32				0.2013	200	upper	30	593	210	0.6459	0.7412	0.4807	4.3
torchsom	twodiamonds	40	50		150	1.0	0.5		32				0.25	100	upper	18	555	277	0.5009	0.6937	0.4085	3.0
torchsom	twodiamonds	30	40		150	1.0	0.5		32				0.25	100	upper	1	668	328	0.5090	0.8350	0.6041	2.1
torchsom	twodiamonds	50	60		150	1.0	0.5		32				0.25	100	upper	19	614	335	0.4544	0.7675	0.4120	4.1
torchsom	twodiamonds	40	50		150	1.0	0.5		32				0.25	200	upper	18	544	271	0.5018	0.6800	0.4047	3.1
torchsom	twodiamonds	30	40		150	1.0	0.5		32				0.25	200	upper	1	673	331	0.5082	0.8413	0.6056	2.2
torchsom	twodiamonds	50	60		150	1.0	0.5		32				0.25	200	upper	30	593	210	0.6459	0.7412	0.4807	4.3
torchsom	twodiamonds	40	50		150	8.0	0.3		32				0.15	100	upper	1	716	356	0.5028	0.8950	0.6196	2.9
torchsom	twodiamonds	30	40		150	8.0	0.3		32				0.15	100	upper	1	727	363	0.5007	0.9087	0.6229	2.1
torchsom	twodiamonds	50	60		150	8.0	0.3		32				0.15	100	upper	1	727	359	0.5062	0.9087	0.6251	4.0
torchsom	twodiamonds	40	50		150	8.0	0.3		32				0.15	200	upper	1	715	356	0.5021	0.8938	0.6190	3.0
torchsom	twodiamonds	30	40		150	8.0	0.3		32				0.15	200	upper	1	722	360	0.5014	0.9025	0.6213	2.2
torchsom	twodiamonds	50	60		150	8.0	0.3		32				0.15	200	upper	1	724	359	0.5041	0.9050	0.6232	4.2
torchsom	twodiamonds	40	50		150	8.0	0.3		32				0.2013	100	upper	1	716	356	0.5028	0.8950	0.6196	2.9
torchsom	twodiamonds	30	40		150	8.0	0.3		32				0.2013	100	upper	1	727	363	0.5007	0.9087	0.6229	2.1
torchsom	twodiamonds	50	60		150	8.0	0.3		32				0.2013	100	upper	1	727	359	0.5062	0.9087	0.6251	4.0
torchsom	twodiamonds	40	50		150	8.0	0.3		32				0.2013	200	upper	1	715	356	0.5021	0.8938	0.6190	3.0
torchsom	twodiamonds	30	40		150	8.0	0.3		32				0.2013	200	upper	1	722	360	0.5014	0.9025	0.6213	2.2
torchsom	twodiamonds	50	60		150	8.0	0.3		32				0.2013	200	upper	1	724	359	0.5041	0.9050	0.6232	4.2
torchsom	twodiamonds	40	50		150	8.0	0.3		32				0.25	100	upper	1	716	356	0.5028	0.8950	0.6196	2.9
torchsom	twodiamonds	30	40		150	8.0	0.3		32				0.25	100	upper	1	727	363	0.5007	0.9087	0.6229	2.1
torchsom	twodiamonds	50	60		150	8.0	0.3		32				0.25	100	upper	1	727	359	0.5062	0.9087	0.6251	4.0
torchsom	twodiamonds	40	50		150	8.0	0.3		32				0.25	200	upper	1	715	356	0.5021	0.8938	0.6190	3.0
torchsom	twodiamonds	30	40		150	8.0	0.3		32				0.25	200	upper	1	722	360	0.5014	0.9025	0.6213	2.1
torchsom	twodiamonds	50	60		150	8.0	0.3		32				0.25	200	upper	1	724	359	0.5041	0.9050	0.6232	4.2
torchsom	twodiamonds	40	50		150	8.0	0.5		32				0.15	100	upper	1	716	357	0.5014	0.8950	0.6191	2.9
torchsom	twodiamonds	30	40		150	8.0	0.5		32				0.15	100	upper	1	723	357	0.5062	0.9038	0.6236	2.2
torchsom	twodiamonds	50	60		150	8.0	0.5		32				0.15	100	upper	1	726	358	0.5069	0.9075	0.6250	4.2
torchsom	twodiamonds	40	50		150	8.0	0.5		32				0.15	200	upper	1	719	359	0.5007	0.8988	0.6199	3.0
torchsom	twodiamonds	30	40		150	8.0	0.5		32				0.15	200	upper	1	729	361	0.5048	0.9113	0.6253	2.2
torchsom	twodiamonds	50	60		150	8.0	0.5		32				0.15	200	upper	1	726	358	0.5069	0.9075	0.6250	4.2
torchsom	twodiamonds	40	50		150	8.0	0.5		32				0.2013	100	upper	1	716	357	0.5014	0.8950	0.6191	2.9
torchsom	twodiamonds	30	40		150	8.0	0.5		32				0.2013	100	upper	1	723	357	0.5062	0.9038	0.6236	2.1
torchsom	twodiamonds	50	60		150	8.0	0.5		32				0.2013	100	upper	1	726	358	0.5069	0.9075	0.6250	4.0
torchsom	twodiamonds	40	50		150	8.0	0.5		32				0.2013	200	upper	1	719	359	0.5007	0.8988	0.6199	3.0
torchsom	twodiamonds	30	40		150	8.0	0.5		32				0.2013	200	upper	1	729	361	0.5048	0.9113	0.6253	2.1
torchsom	twodiamonds	50	60		150	8.0	0.5		32				0.2013	200	upper	1	726	358	0.5069	0.9075	0.6250	4.2
torchsom	twodiamonds	40	50		150	8.0	0.5		32				0.25	100	upper	1	716	357	0.5014	0.8950	0.6191	2.9
torchsom	twodiamonds	30	40		150	8.0	0.5		32				0.25	100	upper	1	723	357	0.5062	0.9038	0.6236	2.2
torchsom	twodiamonds	50	60		150	8.0	0.5		32				0.25	100	upper	1	726	358	0.5069	0.9075	0.6250	4.0
torchsom	twodiamonds	40	50		150	8.0	0.5		32				0.25	200	upper	1	719	359	0.5007	0.8988	0.6199	3.0
torchsom	twodiamonds	30	40		150	8.0	0.5		32				0.25	200	upper	1	729	361	0.5048	0.9113	0.6253	2.1
torchsom	twodiamonds	50	60		150	8.0	0.5		32				0.25	200	upper	1	726	358	0.5069	0.9075	0.6250	4.2
torchsom	twodiamonds	40	50		150	20.0	0.3		32				0.15	100	upper	1	451	219	0.5144	0.5637	0.5249	2.8
torchsom	twodiamonds	30	40		150	20.0	0.3		32				0.15	100	upper	1	530	263	0.5038	0.6625	0.5503	2.0
torchsom	twodiamonds	50	60		150	20.0	0.3		32				0.15	100	upper	1	500	238	0.5240	0.6250	0.5471	3.9
torchsom	twodiamonds	40	50		150	20.0	0.3		32				0.15	200	upper	1	452	220	0.5133	0.5650	0.5248	2.9
torchsom	twodiamonds	30	40		150	20.0	0.3		32				0.15	200	upper	1	529	263	0.5028	0.6613	0.5495	2.1
torchsom	twodiamonds	50	60		150	20.0	0.3		32				0.15	200	upper	1	511	242	0.5264	0.6388	0.5522	4.0
torchsom	twodiamonds	40	50		150	20.0	0.3		32				0.2013	100	upper	1	451	219	0.5144	0.5637	0.5249	2.8
torchsom	twodiamonds	30	40		150	20.0	0.3		32				0.2013	100	upper	1	530	263	0.5038	0.6625	0.5503	2.0
torchsom	twodiamonds	50	60		150	20.0	0.3		32				0.2013	100	upper	1	500	238	0.5240	0.6250	0.5471	3.9
torchsom	twodiamonds	40	50		150	20.0	0.3		32				0.2013	200	upper	1	452	220	0.5133	0.5650	0.5248	2.9
torchsom	twodiamonds	30	40		150	20.0	0.3		32				0.2013	200	upper	1	529	263	0.5028	0.6613	0.5495	2.1
torchsom	twodiamonds	50	60		150	20.0	0.3		32				0.2013	200	upper	1	511	242	0.5264	0.6388	0.5522	4.0
torchsom	twodiamonds	40	50		150	20.0	0.3		32				0.25	100	upper	1	451	219	0.5144	0.5637	0.5249	2.8
torchsom	twodiamonds	30	40		150	20.0	0.3		32				0.25	100	upper	1	530	263	0.5038	0.6625	0.5503	2.1
torchsom	twodiamonds	50	60		150	20.0	0.3		32				0.25	100	upper	1	500	238	0.5240	0.6250	0.5471	3.9
torchsom	twodiamonds	40	50		150	20.0	0.3		32				0.25	200	upper	1	452	220	0.5133	0.5650	0.5248	2.9
torchsom	twodiamonds	30	40		150	20.0	0.3		32				0.25	200	upper	1	529	263	0.5028	0.6613	0.5495	2.1
torchsom	twodiamonds	50	60		150	20.0	0.3		32				0.25	200	upper	1	511	242	0.5264	0.6388	0.5522	4.0
torchsom	twodiamonds	40	50		150	20.0	0.5		32				0.15	100	upper	1	452	219	0.5155	0.5650	0.5257	2.8
torchsom	twodiamonds	30	40		150	20.0	0.5		32				0.15	100	upper	1	490	238	0.5143	0.6125	0.5395	2.0
torchsom	twodiamonds	50	60		150	20.0	0.5		32				0.15	100	upper	1	406	203	0.5000	0.5075	0.5022	3.8
torchsom	twodiamonds	40	50		150	20.0	0.5		32				0.15	200	upper	1	449	218	0.5145	0.5613	0.5242	2.9
torchsom	twodiamonds	30	40		150	20.0	0.5		32				0.15	200	upper	1	489	237	0.5153	0.6112	0.5395	2.0
torchsom	twodiamonds	50	60		150	20.0	0.5		32				0.15	200	upper	1	403	201	0.5012	0.5038	0.5016	3.9
torchsom	twodiamonds	40	50		150	20.0	0.5		32				0.2013	100	upper	1	452	219	0.5155	0.5650	0.5257	2.8
torchsom	twodiamonds	30	40		150	20.0	0.5		32				0.2013	100	upper	1	490	238	0.5143	0.6125	0.5395	2.0
torchsom	twodiamonds	50	60		150	20.0	0.5		32				0.2013	100	upper	1	406	203	0.5000	0.5075	0.5022	3.8
torchsom	twodiamonds	40	50		150	20.0	0.5		32				0.2013	200	upper	1	449	218	0.5145	0.5613	0.5242	2.8
torchsom	twodiamonds	30	40		150	20.0	0.5		32				0.2013	200	upper	1	489	237	0.5153	0.6112	0.5395	2.0
torchsom	twodiamonds	50	60		150	20.0	0.5		32				0.2013	200	upper	1	403	201	0.5012	0.5038	0.5016	4.0
torchsom	twodiamonds	40	50		150	20.0	0.5		32				0.25	100	upper	1	452	219	0.5155	0.5650	0.5257	2.8
torchsom	twodiamonds	30	40		150	20.0	0.5		32				0.25	100	upper	1	490	238	0.5143	0.6125	0.5395	2.0
torchsom	twodiamonds	50	60		150	20.0	0.5		32				0.25	100	upper	1	406	203	0.5000	0.5075	0.5022	3.8
torchsom	twodiamonds	40	50		150	20.0	0.5		32				0.25	200	upper	1	449	218	0.5145	0.5613	0.5242	2.9
torchsom	twodiamonds	30	40		150	20.0	0.5		32				0.25	200	upper	1	489	237	0.5153	0.6112	0.5395	2.0
torchsom	twodiamonds	50	60		150	20.0	0.5		32				0.25	200	upper	1	403	201	0.5012	0.5038	0.5016	3.9
torchsom	twodiamonds	40	50		400	1.0	0.3		32				0.15	100	upper	24	514	273	0.4689	0.6425	0.3803	7.6
torchsom	twodiamonds	30	40		400	1.0	0.3		32				0.15	100	upper	5	607	299	0.5074	0.7588	0.4306	5.6
torchsom	twodiamonds	50	60		400	1.0	0.3		32				0.15	100	upper	24	601	329	0.4526	0.7512	0.4064	10.5
torchsom	twodiamonds	40	50		400	1.0	0.3		32				0.15	200	upper	26	509	274	0.4617	0.6362	0.3756	7.7
torchsom	twodiamonds	30	40		400	1.0	0.3		32				0.15	200	upper	5	601	294	0.5108	0.7512	0.4297	5.7
torchsom	twodiamonds	50	60		400	1.0	0.3		32				0.15	200	upper	25	600	229	0.6183	0.7500	0.4723	10.7
torchsom	twodiamonds	40	50		400	1.0	0.3		32				0.2013	100	upper	24	514	273	0.4689	0.6425	0.3803	7.7
torchsom	twodiamonds	30	40		400	1.0	0.3		32				0.2013	100	upper	5	607	299	0.5074	0.7588	0.4306	5.6
torchsom	twodiamonds	50	60		400	1.0	0.3		32				0.2013	100	upper	24	601	329	0.4526	0.7512	0.4064	10.5
torchsom	twodiamonds	40	50		400	1.0	0.3		32				0.2013	200	upper	26	509	274	0.4617	0.6362	0.3756	7.8
torchsom	twodiamonds	30	40		400	1.0	0.3		32				0.2013	200	upper	5	601	294	0.5108	0.7512	0.4297	5.6
torchsom	twodiamonds	50	60		400	1.0	0.3		32				0.2013	200	upper	25	600	229	0.6183	0.7500	0.4723	10.6
torchsom	twodiamonds	40	50		400	1.0	0.3		32				0.25	100	upper	24	514	273	0.4689	0.6425	0.3803	7.7
torchsom	twodiamonds	30	40		400	1.0	0.3		32				0.25	100	upper	5	607	299	0.5074	0.7588	0.4306	5.5
torchsom	twodiamonds	50	60		400	1.0	0.3		32				0.25	100	upper	24	601	329	0.4526	0.7512	0.4064	10.4
torchsom	twodiamonds	40	50		400	1.0	0.3		32				0.25	200	upper	26	509	274	0.4617	0.6362	0.3756	7.7
torchsom	twodiamonds	30	40		400	1.0	0.3		32				0.25	200	upper	5	601	294	0.5108	0.7512	0.4297	5.6
torchsom	twodiamonds	50	60		400	1.0	0.3		32				0.25	200	upper	25	600	229	0.6183	0.7500	0.4723	10.5
torchsom	twodiamonds	40	50		400	1.0	0.5		32				0.15	100	upper	21	526	260	0.5057	0.6575	0.3995	7.6
torchsom	twodiamonds	30	40		400	1.0	0.5		32				0.15	100	upper	4	696	334	0.5201	0.8700	0.4690	5.5
torchsom	twodiamonds	50	60		400	1.0	0.5		32				0.15	100	upper	18	606	324	0.4653	0.7575	0.4134	10.2
torchsom	twodiamonds	40	50		400	1.0	0.5		32				0.15	200	upper	22	524	259	0.5057	0.6550	0.3988	7.7
torchsom	twodiamonds	30	40		400	1.0	0.5		32				0.15	200	upper	2	701	348	0.5036	0.8762	0.7643	5.6
torchsom	twodiamonds	50	60		400	1.0	0.5		32				0.15	200	upper	27	589	316	0.4635	0.7362	0.4063	10.4
torchsom	twodiamonds	40	50		400	1.0	0.5		32				0.2013	100	upper	21	526	260	0.5057	0.6575	0.3995	7.5
torchsom	twodiamonds	30	40		400	1.0	0.5		32				0.2013	100	upper	4	696	334	0.5201	0.8700	0.4690	5.5
torchsom	twodiamonds	50	60		400	1.0	0.5		32				0.2013	100	upper	18	606	324	0.4653	0.7575	0.4134	10.4
torchsom	twodiamonds	40	50		400	1.0	0.5		32				0.2013	200	upper	22	524	259	0.5057	0.6550	0.3988	7.7
torchsom	twodiamonds	30	40		400	1.0	0.5		32				0.2013	200	upper	2	701	348	0.5036	0.8762	0.7643	5.5
torchsom	twodiamonds	50	60		400	1.0	0.5		32				0.2013	200	upper	27	589	316	0.4635	0.7362	0.4063	10.4
torchsom	twodiamonds	40	50		400	1.0	0.5		32				0.25	100	upper	21	526	260	0.5057	0.6575	0.3995	7.6
torchsom	twodiamonds	30	40		400	1.0	0.5		32				0.25	100	upper	4	696	334	0.5201	0.8700	0.4690	5.5
torchsom	twodiamonds	50	60		400	1.0	0.5		32				0.25	100	upper	18	606	324	0.4653	0.7575	0.4134	10.2
torchsom	twodiamonds	40	50		400	1.0	0.5		32				0.25	200	upper	22	524	259	0.5057	0.6550	0.3988	7.7
torchsom	twodiamonds	30	40		400	1.0	0.5		32				0.25	200	upper	2	701	348	0.5036	0.8762	0.7643	5.6
torchsom	twodiamonds	50	60		400	1.0	0.5		32				0.25	200	upper	27	589	316	0.4635	0.7362	0.4063	10.4
torchsom	twodiamonds	40	50		400	8.0	0.3		32				0.15	100	upper	1	725	362	0.5007	0.9062	0.6222	7.3
torchsom	twodiamonds	30	40		400	8.0	0.3		32				0.15	100	upper	1	729	363	0.5021	0.9113	0.6242	5.3
torchsom	twodiamonds	50	60		400	8.0	0.3		32				0.15	100	upper	1	723	358	0.5048	0.9038	0.6231	10.0
torchsom	twodiamonds	40	50		400	8.0	0.3		32				0.15	200	upper	1	724	362	0.5000	0.9050	0.6215	7.3
torchsom	twodiamonds	30	40		400	8.0	0.3		32				0.15	200	upper	1	727	361	0.5034	0.9087	0.6240	5.4
torchsom	twodiamonds	50	60		400	8.0	0.3		32				0.15	200	upper	1	726	358	0.5069	0.9075	0.6250	10.1
torchsom	twodiamonds	40	50		400	8.0	0.3		32				0.2013	100	upper	1	725	362	0.5007	0.9062	0.6222	7.3
torchsom	twodiamonds	30	40		400	8.0	0.3		32				0.2013	100	upper	1	729	363	0.5021	0.9113	0.6242	5.3
torchsom	twodiamonds	50	60		400	8.0	0.3		32				0.2013	100	upper	1	723	358	0.5048	0.9038	0.6231	10.0
torchsom	twodiamonds	40	50		400	8.0	0.3		32				0.2013	200	upper	1	724	362	0.5000	0.9050	0.6215	7.4
torchsom	twodiamonds	30	40		400	8.0	0.3		32				0.2013	200	upper	1	727	361	0.5034	0.9087	0.6240	5.4
torchsom	twodiamonds	50	60		400	8.0	0.3		32				0.2013	200	upper	1	726	358	0.5069	0.9075	0.6250	10.1
torchsom	twodiamonds	40	50		400	8.0	0.3		32				0.25	100	upper	1	725	362	0.5007	0.9062	0.6222	7.2
torchsom	twodiamonds	30	40		400	8.0	0.3		32				0.25	100	upper	1	729	363	0.5021	0.9113	0.6242	5.3
torchsom	twodiamonds	50	60		400	8.0	0.3		32				0.25	100	upper	1	723	358	0.5048	0.9038	0.6231	10.0
torchsom	twodiamonds	40	50		400	8.0	0.3		32				0.25	200	upper	1	724	362	0.5000	0.9050	0.6215	7.4
torchsom	twodiamonds	30	40		400	8.0	0.3		32				0.25	200	upper	1	727	361	0.5034	0.9087	0.6240	5.3
torchsom	twodiamonds	50	60		400	8.0	0.3		32				0.25	200	upper	1	726	358	0.5069	0.9075	0.6250	10.1
torchsom	twodiamonds	40	50		400	8.0	0.5		32				0.15	100	upper	1	722	358	0.5042	0.9025	0.6224	7.3
torchsom	twodiamonds	30	40		400	8.0	0.5		32				0.15	100	upper	1	727	361	0.5034	0.9087	0.6240	5.4
torchsom	twodiamonds	50	60		400	8.0	0.5		32				0.15	100	upper	1	733	362	0.5061	0.9163	0.6273	9.8
torchsom	twodiamonds	40	50		400	8.0	0.5		32				0.15	200	upper	1	719	358	0.5021	0.8988	0.6205	7.4
torchsom	twodiamonds	30	40		400	8.0	0.5		32				0.15	200	upper	1	723	358	0.5048	0.9038	0.6231	5.4
torchsom	twodiamonds	50	60		400	8.0	0.5		32				0.15	200	upper	1	730	360	0.5068	0.9125	0.6265	10.1
torchsom	twodiamonds	40	50		400	8.0	0.5		32				0.2013	100	upper	1	722	358	0.5042	0.9025	0.6224	7.2
torchsom	twodiamonds	30	40		400	8.0	0.5		32				0.2013	100	upper	1	727	361	0.5034	0.9087	0.6240	5.3
torchsom	twodiamonds	50	60		400	8.0	0.5		32				0.2013	100	upper	1	733	362	0.5061	0.9163	0.6273	9.9
torchsom	twodiamonds	40	50		400	8.0	0.5		32				0.2013	200	upper	1	719	358	0.5021	0.8988	0.6205	7.3
torchsom	twodiamonds	30	40		400	8.0	0.5		32				0.2013	200	upper	1	723	358	0.5048	0.9038	0.6231	5.3
torchsom	twodiamonds	50	60		400	8.0	0.5		32				0.2013	200	upper	1	730	360	0.5068	0.9125	0.6265	10.1
torchsom	twodiamonds	40	50		400	8.0	0.5		32				0.25	100	upper	1	722	358	0.5042	0.9025	0.6224	7.2
torchsom	twodiamonds	30	40		400	8.0	0.5		32				0.25	100	upper	1	727	361	0.5034	0.9087	0.6240	5.3
torchsom	twodiamonds	50	60		400	8.0	0.5		32				0.25	100	upper	1	733	362	0.5061	0.9163	0.6273	10.2
torchsom	twodiamonds	40	50		400	8.0	0.5		32				0.25	200	upper	1	719	358	0.5021	0.8988	0.6205	7.5
torchsom	twodiamonds	30	40		400	8.0	0.5		32				0.25	200	upper	1	723	358	0.5048	0.9038	0.6231	5.5
torchsom	twodiamonds	50	60		400	8.0	0.5		32				0.25	200	upper	1	730	360	0.5068	0.9125	0.6265	10.3
torchsom	twodiamonds	40	50		400	20.0	0.3		32				0.15	100	upper	1	459	224	0.5120	0.5737	0.5269	7.3
torchsom	twodiamonds	30	40		400	20.0	0.3		32				0.15	100	upper	1	530	264	0.5019	0.6625	0.5495	5.3
torchsom	twodiamonds	50	60		400	20.0	0.3		32				0.15	100	upper	1	403	200	0.5037	0.5038	0.5026	10.1
torchsom	twodiamonds	40	50		400	20.0	0.3		32				0.15	200	upper	1	456	221	0.5154	0.5700	0.5271	7.4
torchsom	twodiamonds	30	40		400	20.0	0.3		32				0.15	200	upper	1	527	263	0.5009	0.6587	0.5480	5.3
torchsom	twodiamonds	50	60		400	20.0	0.3		32				0.15	200	upper	1	404	201	0.5025	0.5050	0.5025	10.1
torchsom	twodiamonds	40	50		400	20.0	0.3		32				0.2013	100	upper	1	459	224	0.5120	0.5737	0.5269	7.1
torchsom	twodiamonds	30	40		400	20.0	0.3		32				0.2013	100	upper	1	530	264	0.5019	0.6625	0.5495	5.2
torchsom	twodiamonds	50	60		400	20.0	0.3		32				0.2013	100	upper	1	403	200	0.5037	0.5038	0.5026	9.8
torchsom	twodiamonds	40	50		400	20.0	0.3		32				0.2013	200	upper	1	456	221	0.5154	0.5700	0.5271	7.3
torchsom	twodiamonds	30	40		400	20.0	0.3		32				0.2013	200	upper	1	527	263	0.5009	0.6587	0.5480	5.2
torchsom	twodiamonds	50	60		400	20.0	0.3		32				0.2013	200	upper	1	404	201	0.5025	0.5050	0.5025	9.8
torchsom	twodiamonds	40	50		400	20.0	0.3		32				0.25	100	upper	1	459	224	0.5120	0.5737	0.5269	7.1
torchsom	twodiamonds	30	40		400	20.0	0.3		32				0.25	100	upper	1	530	264	0.5019	0.6625	0.5495	5.2
torchsom	twodiamonds	50	60		400	20.0	0.3		32				0.25	100	upper	1	403	200	0.5037	0.5038	0.5026	10.3
torchsom	twodiamonds	40	50		400	20.0	0.3		32				0.25	200	upper	1	456	221	0.5154	0.5700	0.5271	7.3
torchsom	twodiamonds	30	40		400	20.0	0.3		32				0.25	200	upper	1	527	263	0.5009	0.6587	0.5480	5.6
torchsom	twodiamonds	50	60		400	20.0	0.3		32				0.25	200	upper	1	404	201	0.5025	0.5050	0.5025	10.4
torchsom	twodiamonds	40	50		400	20.0	0.5		32				0.15	100	upper	1	459	225	0.5098	0.5737	0.5260	7.2
torchsom	twodiamonds	30	40		400	20.0	0.5		32				0.15	100	upper	1	488	237	0.5143	0.6100	0.5387	5.1
torchsom	twodiamonds	50	60		400	20.0	0.5		32				0.15	100	upper	1	403	200	0.5037	0.5038	0.5026	9.8
torchsom	twodiamonds	40	50		400	20.0	0.5		32				0.15	200	upper	1	455	221	0.5143	0.5687	0.5263	7.3
torchsom	twodiamonds	30	40		400	20.0	0.5		32				0.15	200	upper	1	488	237	0.5143	0.6100	0.5387	5.3
torchsom	twodiamonds	50	60		400	20.0	0.5		32				0.15	200	upper	1	404	200	0.5050	0.5050	0.5035	10.1
torchsom	twodiamonds	40	50		400	20.0	0.5		32				0.2013	100	upper	1	459	225	0.5098	0.5737	0.5260	7.3
torchsom	twodiamonds	30	40		400	20.0	0.5		32				0.2013	100	upper	1	488	237	0.5143	0.6100	0.5387	5.3
torchsom	twodiamonds	50	60		400	20.0	0.5		32				0.2013	100	upper	1	403	200	0.5037	0.5038	0.5026	9.9
torchsom	twodiamonds	40	50		400	20.0	0.5		32				0.2013	200	upper	1	455	221	0.5143	0.5687	0.5263	7.4
torchsom	twodiamonds	30	40		400	20.0	0.5		32				0.2013	200	upper	1	488	237	0.5143	0.6100	0.5387	5.3
torchsom	twodiamonds	50	60		400	20.0	0.5		32				0.2013	200	upper	1	404	200	0.5050	0.5050	0.5035	9.9
torchsom	twodiamonds	40	50		400	20.0	0.5		32				0.25	100	upper	1	459	225	0.5098	0.5737	0.5260	7.2
torchsom	twodiamonds	30	40		400	20.0	0.5		32				0.25	100	upper	1	488	237	0.5143	0.6100	0.5387	5.5
torchsom	twodiamonds	50	60		400	20.0	0.5		32				0.25	100	upper	1	403	200	0.5037	0.5038	0.5026	9.9
torchsom	twodiamonds	40	50		400	20.0	0.5		32				0.25	200	upper	1	455	221	0.5143	0.5687	0.5263	7.3
torchsom	twodiamonds	30	40		400	20.0	0.5		32				0.25	200	upper	1	488	237	0.5143	0.6100	0.5387	5.3
torchsom	twodiamonds	50	60		400	20.0	0.5		32				0.25	200	upper	1	404	200	0.5050	0.5050	0.5035	10.1
